sensor,event_type,immediate_n,immediate_mean_change,immediate_median_change,immediate_std,after_n,after_mean_change,after_median_change,after_std
heart_rate,kill,227,1.796956562929279,1.0091397849462282,4.2172580017112296,227,0.8643787598882103,0.5177419354838833,4.762572286922249
heart_rate,death,164,1.620902176763703,1.0803763440860124,3.821248713276431,164,-1.2997180697613446,-0.7760752688172161,4.9372845313312945
heart_rate,assist,253,1.3484487228526496,0.7741935483871032,3.8186009313236404,253,0.4441688979557147,0.5424731182795597,5.116144630260795
gsr,kill,230,12.015880011618426,-145.0682359605944,1555.6896748821944,230,-104.29104647623308,-86.4953258425212,1954.660268427944
gsr,death,175,-557.00772741686,-317.365430172842,1390.5297607028642,175,-424.74469158736105,-119.29218313110688,2119.3644437163603
gsr,assist,256,-146.73028945980192,-46.738997606962585,1327.519853128044,256,-219.61253029505147,-47.74116591121856,2088.7549151358726
emg_right_hand,kill,230,0.5496707642280877,0.1541793244089655,4.37174915167624,230,0.2161743638529952,0.1309320089168628,2.762573032038647
emg_right_hand,death,175,2.0708884859349572,0.4219311748557182,7.2812170856938945,175,0.9593187053939494,-0.009128919218325,9.352740193709877
emg_right_hand,assist,256,0.734995394977096,0.2973581018657683,4.110263878661333,256,0.867472241613129,0.0279233906830285,8.121464808912481
emg_left_hand,kill,230,0.15973423176652554,0.09267686098037314,1.387666718231161,230,-0.02974151081355097,-0.08429681414702815,2.145975659779442
emg_left_hand,death,175,-0.14304570076709455,-0.2921992551988612,3.934510361038429,175,-0.031139955374342776,-0.4694140915108642,6.407924927946053
emg_left_hand,assist,256,0.3155735300176191,0.01728107822158885,3.1111097085856274,256,0.3229966859746287,-0.1828025214197537,5.3201257516207505
gaze_movement,kill,166,-3.3092863377379396,13.131354762395517,212.73604446718196,166,45.5103321466612,37.50782001876814,277.62501834024283
gaze_movement,death,130,84.04405649469334,58.91536538046915,207.97760096438287,130,113.91369914237951,112.36054047063314,270.9031403848312
gaze_movement,assist,182,-26.97347065043029,-11.684187839781089,186.7982306570751,182,5.860210702999832,5.558684540310139,256.1048512947265
pupil_diameter,kill,166,0.007407165669118111,0.0011269347192573,0.12051994208472035,166,-0.05334509476877963,-0.0551986127255341,0.14933419130704745
pupil_diameter,death,130,-0.009446819780210803,-0.02299807288028605,0.12358229392479267,130,-0.07715629377045986,-0.09442120486302125,0.1933386580360064
pupil_diameter,assist,182,0.005581493401544107,-0.0060878400700996,0.1161828587869857,182,-0.04623888356654025,-0.05434251099838655,0.16479112965076478
facial_temperature,kill,194,0.015043570234928921,0.00202701612903765,0.2537122929924903,194,0.005506862853079467,0.0,0.3003166213007277
facial_temperature,death,126,-0.009187167381011415,-0.00073687724014345,0.1655456601849977,126,0.011247212074752898,0.0,0.3092794740405206
facial_temperature,assist,210,-0.019786702167604597,-0.0019227284946197,0.18377910184019225,210,-0.019355294106914556,-0.0065564874551924,0.2991142324497681
spo2,kill,230,-0.14780067230345142,-0.02450913387094995,1.0206585663830854,230,-0.10221830434460134,-0.05445488145159765,1.3846268729480786
spo2,death,175,0.009892688056314271,0.0391359117741814,0.7621090158135304,175,0.038635172467539045,0.0122031008064311,1.0094068105671021
spo2,assist,256,0.04145396769054577,-0.0027720080645252,0.6838923585304915,256,0.025745640205665395,0.00909088306451615,0.9299100227218774
head_rotation_x,kill,230,-9.357601912268527e-05,-6.185625628439392e-06,0.0009343600662799936,230,8.360942511712814e-05,-1.8108933291314237e-05,0.001150800171063647
head_rotation_x,death,175,-1.6950867354082754e-05,-1.1970521210000976e-07,0.0011961926805160083,175,4.5489344264427645e-05,1.0539254333149974e-05,0.0016532773007137788
head_rotation_x,assist,256,-8.741104470494377e-05,-4.7053893465000035e-06,0.0009779418155100022,256,7.572937040420974e-05,9.714474126400001e-06,0.0013319247264085693
head_rotation_y,kill,230,-0.002571463628418769,0.0,0.0351713051626139,230,-0.0015461184145368534,0.0,0.0475278154621204
head_rotation_y,death,175,-0.005491750993851121,-0.0008048452644334,0.03923777114800868,175,-0.006485580832178075,0.0,0.05709568821592197
head_rotation_y,assist,256,-0.00387097824562916,0.0,0.04239855043663154,256,-8.127411792928016e-05,0.0,0.047162231055520115
head_rotation_z,kill,230,0.003912751000956449,0.0007952098241937001,0.048281668946782486,230,0.005087896927504791,0.00073440042148865,0.04865075989165167
head_rotation_z,death,175,-0.004479238966266567,-0.0025400905716983,0.04121592249563284,175,-0.0030380384840961445,-0.0009409962760403,0.05445782386605863
head_rotation_z,assist,256,0.006282444496856186,0.0016120887324342,0.07516813037323561,256,0.0002066848023946047,0.0,0.06366779986004185
keyboard_activity,kill,192,0.03742404513888887,0.03229166666666665,0.4414952195099735,192,-0.22113172743055554,-0.0895833333333333,0.6523719317146273
keyboard_activity,death,162,-0.08504372427983539,-0.06562499999999999,0.37303532342573825,162,-0.2639724794238683,-0.14999999999999994,0.5537129699976554
keyboard_activity,assist,215,0.1390649224806201,0.0583333333333333,0.5190929730871504,215,-0.05443313953488372,-0.0343749999999999,0.5579600421157133
mouse_movement,kill,192,-0.8146044855033191,-3.699978743593647,331.3203954714518,192,-64.42059283551714,-74.57327827281165,427.03137969775827
mouse_movement,death,162,-175.4367718785313,-112.51859019230767,424.342950955236,162,-157.89856469338247,-114.77004153606742,535.0372224378751
mouse_movement,assist,215,-43.59863261076635,-65.29377023348229,406.1261062791264,215,-94.02557828710545,-108.38239004931528,505.0269856199054
mouse_clicks,kill,192,-0.09907769097222223,-0.1265625000000001,1.0141469210435832,192,-0.43231336805555554,-0.4687499999999998,1.3330048489889224
mouse_clicks,death,162,-0.683449074074074,-0.5901041666666669,0.8942796348358218,162,-0.5413451646090536,-0.4401041666666667,1.2653690333647551
mouse_clicks,assist,215,-0.17394864341085275,-0.1614583333333334,0.942961710318394,215,-0.45219961240310075,-0.2312500000000006,1.3034892785727394
