model,fold,test_player,MAE,RMSE,R2
Dummy Mean,1,player_1,0.05319829139656796,0.0645976314971483,-0.0016165075726279898
Dummy Mean,2,player_2,0.05021789234215233,0.07560525461450399,-0.1410576654861444
Dummy Mean,3,player_3,0.0402450162481734,0.053872371904039276,-0.018820749008926496
Dummy Mean,4,player_4,0.054858591649426657,0.07001693787758723,-0.3686601212743812
Ridge,1,player_1,0.05739189543631124,0.07111319341415595,-0.2138601307022363
Ridge,2,player_2,0.05666640634615771,0.07667253919054776,-0.17350062328512061
Ridge,3,player_3,0.04744141032515906,0.06289531458744974,-0.38867997885334704
Ridge,4,player_4,0.2204808613291575,0.24741440942028012,-16.089893852769766
Random Forest,1,player_1,0.051527172967786805,0.06312637397687045,0.0434889932816932
Random Forest,2,player_2,0.051802907818112545,0.07116669396826655,-0.011014105312231237
Random Forest,3,player_3,0.04452075252798183,0.05795808203720554,-0.17921663552383715
Random Forest,4,player_4,0.048084337427699596,0.06438118136435252,-0.15719692150717268
Extra Trees,1,player_1,0.052542562209957275,0.06397963442772663,0.01745648705549574
Extra Trees,2,player_2,0.04941729035524583,0.06984969413028086,0.02605899792364086
Extra Trees,3,player_3,0.04191257063632918,0.055205801169302196,-0.06987988067027362
Extra Trees,4,player_4,0.04947908292874198,0.06554061530147291,-0.19925189973789093
Hist Gradient Boosting,1,player_1,0.05401536683190737,0.06602277505416841,-0.04629905541499091
Hist Gradient Boosting,2,player_2,0.055120586264620006,0.07356985941256418,-0.08044704121190538
Hist Gradient Boosting,3,player_3,0.04661523113447696,0.05955946968387197,-0.24528062491793423
Hist Gradient Boosting,4,player_4,0.05115031098298888,0.06556632557560246,-0.20019296941062525
SVR,1,player_1,0.06431528359196077,0.07810612315653667,-0.46432827357692474
SVR,2,player_2,0.053182252816898284,0.07368348935167213,-0.08378715749232302
SVR,3,player_3,0.048440693488185846,0.06035578910924925,-0.2788024260896689
SVR,4,player_4,0.05637189139577535,0.07137013877873495,-0.4220748933945633
